{"stats":{"minecraft:custom":{"minecraft:mob_kills":6,"minecraft:inspect_hopper":29,"minecraft:interact_with_crafting_table":296,"minecraft:leave_game":7,"minecraft:time_since_death":373905,"minecraft:sprint_one_cm":433890,"minecraft:walk_one_cm":480842,"minecraft:drop":227,"minecraft:play_time":373905,"minecraft:sneak_time":4846,"minecraft:walk_under_water_one_cm":19016,"minecraft:jump":2807,"minecraft:walk_on_water_one_cm":41799,"minecraft:total_world_time":424549,"minecraft:interact_with_furnace":10,"minecraft:time_since_rest":373905,"minecraft:damage_taken":970,"minecraft:damage_dealt":651,"minecraft:swim_one_cm":88923,"minecraft:fly_one_cm":603149,"minecraft:open_chest":359,"minecraft:crouch_one_cm":13724,"minecraft:fall_one_cm":71436},"minecraft:crafted":{"miners:stone_support_frame":12,"techopolis:research_papers_little_logistic":1,"minecraft:oak_planks":1215,"littlelogistics:tug":1,"immersiveengineering:hammer":1,"minecraft:redstone":9,"minecraft:stone_shovel":1,"minecraft:coal":0,"minecraft:smooth_stone_slab":6,"minecraft:redstone_ore":187,"alltheores:aluminum_ingot":9,"immersiveengineering:conveyor_splitter":3,"immersiveengineering:conveyor_vertical":6,"techopolis:grout":13,"minecraft:furnace":215,"minecraft:piston":2,"minecraft:stone":0,"techopolis:blank_research_papers":1,"miners:tree_absorber":1,"immersiveengineering:sorter":1,"alltheores:tin_ingot":9,"minecraft:hopper":2,"alltheores:tin_ore":148,"jumbofurnace:jumbo_furnace":0,"alltheores:aluminum_ore":64,"miners:miner_structure_placer":1,"immersiveengineering:conveyor_dropper":1,"miners:copper_support_frame":15,"minecraft:stone_pickaxe":4,"minecraft:chest":63,"minecraft:lapis_ore":4,"immersiveengineering:treated_wood_horizontal":40,"minecraft:copper_block":1,"minecraft:redstone_block":5,"minecraft:rail":16,"minecraft:bricks":12,"minecraft:oak_fence":3,"minecraft:flower_pot":1,"miners:fluid_absorber":1,"minecraft:coal_block":4,"woodenhopper:wooden_hopper":16,"alltheores:tin_block":1,"extendedcrafting:advanced_table":1,"techopolis:research_papers_iron_and_aluminum":1,"littlelogistics:barge":1,"minecraft:crafting_table":11,"minecraft:wooden_pickaxe":5,"miners:lapis_support_frame":111,"extendedcrafting:basic_auto_table":1,"ceramicbucket:unfired_clay_bucket":5,"minecraft:copper_ingot":9,"alltheores:bronze_ingot":0,"immersiveengineering:cokebrick":30,"minecraft:copper_ore":630,"minecraft:coal_ore":362,"minecraft:bucket":1,"minecraft:birch_planks":68,"techopolis:research_papers_copper_and_tin":1,"miners:miner_base_block":7,"minecraft:stone_axe":2,"miners:iron_support_frame":12,"minecraft:air":0,"alltheores:aluminum_block":1,"immersiveengineering:conveyor_extract":6,"miners:wooden_support_frame":36,"minecraft:charcoal":0,"immersiveengineering:blastbrick":27,"techopolis:prospectors_pickaxe":1,"minecraft:stone_slab":12,"minecraft:stick":508,"extendedcrafting:advanced_auto_table":1,"minecraft:iron_ingot":3,"immersiveengineering:conveyor_basic":24,"minecraft:iron_block":4,"minecraft:iron_ore":568,"extendedcrafting:basic_table":3,"immersiveengineering:jerrycan":1,"alltheores:bronze_block":4,"minecraft:shears":1,"minecraft:lapis_lazuli":278,"minecraft:clay":78,"minecraft:lapis_block":11},"minecraft:picked_up":{"caveopolis:light_gray_colored_stone":5,"minecraft:clay_ball":425,"immersiveengineering:coal_coke":1,"minecraft:wooden_pickaxe":2,"caveopolis:lapis_lazuli_fragment":4758,"alltheores:bronze_ingot":10,"techopolis:aluminum_fragment":1404,"minecraft:sugar_cane":25,"minecraft:chest":5,"minecraft:birch_sapling":6,"caveopolis:redstone_fragment":1038,"minecraft:furnace":1,"minecraft:stick":13,"miners:miner_structure_placer":2,"minecraft:oak_fence":1,"minecraft:porkchop":2,"minecraft:diorite":2,"caveopolis:tin_fragment":3610,"minecraft:iron_block":1,"immersiveengineering:conveyor_extract":2,"minecraft:mutton":6,"minecraft:white_wool":3,"minecraft:cobblestone":532,"minecraft:birch_log":17,"minecraft:leather":1,"minecraft:brown_wool":1,"minecraft:oak_log":91,"miners:lapis_support_frame":42,"minecraft:dirt":26,"minecraft:paper":5,"miners:wooden_support_frame":7,"immersiveengineering:cokebrick":14,"littlelogistics:tug":1,"minecraft:apple":1,"caveopolis:coal_fragment":4538,"caveopolis:copper_fragment":3030,"minecraft:wheat_seeds":3,"minecraft:iron_ingot":2,"opolisutilities:basic_loot_box":1,"minecraft:oak_planks":170,"immersiveengineering:conveyor_vertical":1,"patchouli:guide_book":1,"minecraft:dandelion":2,"minecraft:gravel":100,"techopolis:prospectors_pickaxe":1,"minecraft:sand":85,"essence:basic_mob_essence":2,"miners:miner_base_block":3,"caveopolis:white_colored_stone":19,"caveopolis:red_colored_stone":42,"miners:fluid_absorber":1,"minecraft:coal_ore":12,"minecraft:clay":3,"immersiveengineering:seed":4,"caveopolis:iron_fragment":2431,"minecraft:bone_meal":20,"minecraft:oak_button":31,"minecraft:oak_sapling":15,"immersiveengineering:conveyor_basic":8,"minecraft:oak_leaves":53,"minecraft:hopper":2},"minecraft:broken":{"minecraft:wooden_axe":1,"minecraft:stone_shovel":2},"minecraft:mined":{"caveopolis:red_colored_stone":40,"caveopolis:white_colored_stone":19,"immersiveengineering:conveyor_extract":2,"minecraft:grass_block":20,"minecraft:hopper":2,"minecraft:tall_seagrass":5,"minecraft:furnace":1,"miners:miner_base_block":3,"minecraft:stone":220,"minecraft:iron_block":1,"minecraft:dandelion":2,"miners:fluid_absorber":1,"mekanism:block_salt":3,"minecraft:clay":110,"minecraft:oak_fence":1,"minecraft:chest":5,"minecraft:tall_grass":2,"miners:wooden_support_frame":7,"minecraft:cobblestone":40,"minecraft:oak_planks":1,"minecraft:sugar_cane":13,"minecraft:diorite":4,"minecraft:seagrass":4,"miners:lapis_support_frame":42,"caveopolis:light_gray_colored_stone":5,"immersiveengineering:cokebrick":14,"minecraft:birch_log":18,"immersiveengineering:conveyor_vertical":1,"minecraft:grass":43,"minecraft:oak_log":78,"minecraft:coal_ore":12,"minecraft:sand":89,"minecraft:gravel":99,"minecraft:dirt":9,"immersiveengineering:conveyor_basic":8,"minecraft:oak_leaves":67},"minecraft:used":{"immersiveengineering:conveyor_basic":28,"minecraft:oak_fence":1,"miners:wooden_support_frame":69,"immersiveengineering:conveyor_vertical":1,"miners:lapis_support_frame":48,"minecraft:stone_shovel":278,"minecraft:chest":20,"woodenhopper:wooden_hopper":1,"minecraft:dirt":23,"minecraft:hopper":4,"immersiveengineering:cokebrick":41,"miners:iron_support_frame":64,"minecraft:wooden_axe":59,"minecraft:coal_ore":12,"minecraft:iron_block":1,"miners:miner_structure_placer":26,"minecraft:oak_sapling":2,"minecraft:furnace":29,"miners:fluid_absorber":1,"immersiveengineering:blastbrick":27,"miners:tree_absorber":1,"immersiveengineering:conveyor_extract":7,"immersiveengineering:jerrycan":20,"minecraft:stone_pickaxe":298,"minecraft:oak_planks":21,"minecraft:wooden_pickaxe":8,"minecraft:clay":36,"minecraft:sugar_cane":13,"minecraft:sand":2,"minecraft:crafting_table":1,"miners:stone_support_frame":2,"miners:copper_support_frame":15,"caveopolis:light_gray_colored_stone":1,"minecraft:shears":53,"miners:miner_base_block":8,"immersiveengineering:hammer":7,"extendedcrafting:advanced_auto_table":1,"extendedcrafting:basic_auto_table":1,"littlelogistics:tug":1,"minecraft:gravel":37,"minecraft:stone_axe":60,"caveopolis:red_colored_stone":1,"minecraft:cobblestone":153,"techopolis:prospectors_pickaxe":888,"minecraft:bone_meal":2},"minecraft:killed":{"minecraft:horse":1,"minecraft:pig":1,"minecraft:sheep":4},"minecraft:dropped":{"minecraft:iron_ingot":2,"minecraft:wheat_seeds":1,"minecraft:oak_fence":3,"minecraft:cobblestone":190,"caveopolis:iron_fragment":58,"minecraft:apple":512,"caveopolis:tin_fragment":798,"minecraft:stick":770,"minecraft:diorite":1,"caveopolis:copper_fragment":484,"techopolis:aluminum_fragment":508,"caveopolis:redstone_fragment":4,"minecraft:lapis_ore":1,"caveopolis:coal_fragment":597,"minecraft:bone_meal":18,"minecraft:sand":1,"minecraft:paper":5,"caveopolis:red_colored_stone":2,"minecraft:dandelion":2,"techopolis:prospectors_pickaxe":1,"minecraft:gravel":1,"minecraft:furnace":1,"miners:miner_structure_placer":2,"minecraft:birch_sapling":3,"minecraft:clay_ball":3,"minecraft:oak_planks":176,"patchouli:guide_book":1,"minecraft:filled_map":1,"minecraft:oak_button":31,"minecraft:wooden_pickaxe":2,"caveopolis:lapis_lazuli_fragment":4287,"immersiveengineering:seed":4,"minecraft:oak_leaves":632}},"DataVersion":3120}